<?xml version="1.0" encoding="UTF-8"?>
<project-private xmlns="http://www.netbeans.org/ns/project-private/1">
    <editor-bookmarks xmlns="http://www.netbeans.org/ns/editor-bookmarks/2" lastBookmarkId="0"/>
    <open-files xmlns="http://www.netbeans.org/ns/projectui-open-files/2">
        <group>
            <file>file:/C:/Users/carlo/MPLABXProjects/Dig2LAB02.X/LCD4bits.c</file>
            <file>file:/C:/Users/carlo/MPLABXProjects/Dig2LAB02.X/LCD4bits.h</file>
            <file>file:/C:/Users/carlo/MPLABXProjects/Dig2LAB02.X/LCD8bits.h</file>
            <file>file:/C:/Users/carlo/MPLABXProjects/Dig2LAB02.X/LCD8bits.c</file>
            <file>file:/C:/Users/carlo/MPLABXProjects/Dig2LAB02.X/PRELAB02II.c</file>
            <file>file:/C:/Users/carlo/MPLABXProjects/Dig2LAB02.X/ConfgADC1.c</file>
            <file>file:/C:/Users/carlo/MPLABXProjects/Dig2LAB02.X/POSTLAB02.c</file>
        </group>
    </open-files>
</project-private>
